customer_id,is_subscriber,country,age,customer_name,subscriber_type,num_streams
1,1,united_states,21,Kasen Todd,aavail_premium,23
2,0,singapore,30,Ensley Garza,aavail_unlimited,12
3,0,united_states,21,Lillian Carey,aavail_premium,22
4,1,united_states,20,Beau Christensen,aavail_basic,19
5,1,singapore,21,Ernesto Gibson,aavail_premium,23
6,1,united_states,21,Deshawn Murray,aavail_premium,20
7,0,singapore,48,Daxton Tate,aavail_basic,18
8,1,united_states,47,Tenley Small,aavail_premium,20
9,0,united_states,21,Kyra Chase,aavail_premium,24
10,0,united_states,26,London Barber,aavail_basic,20
11,1,united_states,14,Rohan Rivas,aavail_premium,18
12,0,singapore,39,Romina Ross,aavail_unlimited,1
13,1,united_states,20,Liberty Moore,aavail_premium,21
14,1,united_states,19,Yusuf Huber,aavail_basic,22
15,0,united_states,22,Brantley Suarez,aavail_premium,20
16,1,united_states,22,Skyler Ray,aavail_basic,5
17,1,united_states,27,Joel Boyd,aavail_premium,24
18,0,singapore,44,Zayne Torres,aavail_basic,17
19,1,united_states,28,Madden Cross,aavail_premium,19
20,1,united_states,20,Jabari Eaton,aavail_premium,5
21,0,singapore,38,Claudia Hickman,aavail_unlimited,5
22,0,singapore,41,Darwin Parker,aavail_basic,19
23,1,united_states,22,Josiah Pruitt,aavail_unlimited,23
24,0,singapore,23,Derek Landry,aavail_basic,14
25,1,singapore,20,Sage Dejesus,aavail_basic,15
26,1,united_states,24,Mikaela Adams,aavail_premium,23
27,1,united_states,21,Jimmy Lee,aavail_basic,18
28,1,united_states,18,Devin Hubbard,aavail_basic,14
29,1,singapore,20,Kameron Miles,aavail_basic,18
30,1,united_states,39,Francisco Jennings,aavail_unlimited,21
31,1,united_states,19,Dalary Rubio,aavail_unlimited,20
32,0,singapore,24,Philip Cunningham,aavail_premium,26
33,1,united_states,27,Landyn Park,aavail_unlimited,19
34,0,singapore,37,Collins Ayers,aavail_unlimited,9
35,0,singapore,41,Cecilia Madden,aavail_premium,14
36,0,singapore,33,Bella Valdez,aavail_premium,26
37,1,united_states,37,Ishaan Cardenas,aavail_premium,23
38,1,united_states,41,Maddox Grimes,aavail_basic,21
39,0,singapore,23,Salma Santana,aavail_basic,20
40,1,singapore,21,Jaime Blackwell,aavail_basic,6
41,1,united_states,21,Cannon Davila,aavail_unlimited,19
42,0,singapore,-49,Oliver Hinton,aavail_unlimited,21
43,1,united_states,32,Santiago Francis,aavail_premium,21
44,1,united_states,26,Remi Mayer,aavail_unlimited,23
45,1,singapore,24,Kingsley Gutierrez,aavail_premium,7
46,1,singapore,21,Megan Shepard,aavail_basic,13
47,1,united_states,43,Robert Nava,aavail_basic,5
48,1,united_states,23,Elijah Austin,aavail_unlimited,19
49,1,united_states,24,Cash Reyes,aavail_premium,17
50,1,singapore,19,Ford Nash,aavail_unlimited,10
51,1,united_states,25,Isabella Simpson,aavail_basic,10
52,1,united_states,44,Lindsey Curry,aavail_premium,22
53,0,united_states,27,Chelsea Klein,aavail_premium,22
54,1,united_states,29,Kinslee Bender,aavail_unlimited,16
55,1,united_states,25,Harvey Hester,aavail_basic,18
56,1,united_states,17,Laila Sanford,aavail_unlimited,20
57,1,united_states,15,Fox Houston,aavail_basic,21
58,0,united_states,42,Dorian Ellis,aavail_unlimited,18
59,1,united_states,24,Rafael Barnes,aavail_unlimited,6
60,1,united_states,19,Aryan Norton,aavail_basic,21
61,0,united_states,23,Mohammad Alvarado,aavail_unlimited,19
62,1,united_states,45,Raphael Mccann,aavail_premium,16
63,0,united_states,27,Izabella Lawrence,aavail_premium,19
64,1,united_states,44,Bowen Sierra,aavail_basic,20
65,1,united_states,20,Abram Collier,aavail_unlimited,8
66,1,united_states,20,Howard Villa,aavail_premium,20
67,1,united_states,23,Harlan Webb,aavail_basic,21
68,0,united_states,18,Samara Sims,aavail_unlimited,23
69,0,singapore,20,Dominick Reilly,aavail_unlimited,19
70,0,united_states,22,Amira Chen,aavail_premium,23
71,1,united_states,21,River Mcpherson,aavail_premium,24
72,1,united_states,38,Maison Estrada,aavail_premium,20
73,1,united_states,23,Mordechai Grant,aavail_basic,10
74,1,united_states,42,Elianna Peterson,aavail_unlimited,23
75,1,united_states,29,Genesis Weaver,aavail_basic,6
76,1,united_states,21,Mabel Miranda,aavail_basic,22
77,0,united_states,19,Kamilah Dean,aavail_premium,20
78,1,united_states,26,Alfredo Mosley,aavail_premium,14
79,0,united_states,16,Magnus Barrett,aavail_premium,18
80,0,singapore,17,Jedidiah Walter,aavail_unlimited,10
81,0,singapore,19,Ophelia Avila,aavail_basic,18
82,1,united_states,20,Lexi Bradley,aavail_premium,22
83,1,united_states,41,Jairo Walters,aavail_unlimited,23
84,1,united_states,30,Javier Lowe,aavail_basic,22
85,1,united_states,20,Gibson Fernandez,aavail_basic,21
86,0,united_states,22,Lane Richard,aavail_basic,23
87,0,singapore,22,Briar Alvarez,aavail_premium,14
88,1,united_states,24,Camille Mora,aavail_basic,18
89,1,united_states,21,Melanie Ashley,aavail_premium,20
90,1,united_states,19,Carter Sharp,aavail_basic,20
91,0,singapore,24,Baker Terrell,aavail_basic,19
92,1,united_states,20,Callie Hammond,aavail_basic,21
93,0,united_states,17,Amber Marsh,aavail_premium,20
94,1,united_states,41,Tristan Travis,aavail_basic,10
95,1,singapore,38,Chloe Melton,aavail_basic,21
96,1,united_states,26,Dylan Lewis,aavail_unlimited,18
97,0,singapore,35,Ellis Mcconnell,aavail_premium,13
98,0,singapore,-46,Nikolai Lara,aavail_basic,18
99,1,united_states,25,Orion Bell,aavail_premium,22
100,0,singapore,19,Rylan Roberson,aavail_premium,17
101,0,united_states,21,Brysen Reid,aavail_basic,24
102,1,united_states,48,Myra Blanchard,aavail_unlimited,23
103,1,united_states,32,Jordy Spence,aavail_premium,16
104,1,united_states,19,Alijah Copeland,aavail_basic,17
105,1,united_states,22,Keilani Woods,aavail_premium,5
106,1,united_states,27,Salvatore Robles,aavail_unlimited,23
107,1,united_states,24,Saul Rosas,aavail_premium,22
108,1,singapore,25,Scarlet Xiong,aavail_unlimited,10
109,0,united_states,41,Malik Fletcher,aavail_premium,15
110,1,united_states,24,Parker Goodwin,aavail_basic,21
111,1,united_states,49,Justice Lynch,aavail_premium,22
112,1,united_states,30,Kian Vega,aavail_unlimited,19
113,0,singapore,39,Elsie Mcgee,aavail_premium,25
114,1,united_states,21,Christina Randolph,aavail_unlimited,25
115,1,united_states,25,Myla Stevens,aavail_premium,18
116,0,singapore,23,Lara Flynn,aavail_premium,18
117,0,singapore,26,Anastasia Khan,aavail_basic,16
118,0,united_states,20,Nikolas Adkins,aavail_unlimited,24
119,1,united_states,16,Andrea Patrick,aavail_basic,18
120,0,singapore,25,Tate Blake,aavail_basic,12
121,0,singapore,23,Sky Sherman,aavail_unlimited,15
122,1,united_states,20,Cara Palmer,aavail_premium,20
123,1,united_states,20,Sutton Hanson,aavail_unlimited,21
124,1,singapore,41,Jaxxon Contreras,aavail_premium,13
125,0,united_states,31,Graysen Decker,aavail_basic,16
126,1,united_states,29,Callum Espinosa,aavail_premium,17
127,1,singapore,19,Lyla Orozco,aavail_basic,15
128,1,united_states,18,Lyra Atkins,aavail_basic,22
129,0,singapore,22,William Pace,aavail_unlimited,29
130,1,united_states,26,Raymond Maxwell,aavail_unlimited,16
131,1,united_states,42,Everett Long,aavail_premium,20
132,1,united_states,29,Hassan Bowman,aavail_premium,20
133,0,united_states,24,Leonel Salgado,aavail_basic,21
134,1,singapore,18,Grey Carson,aavail_unlimited,11
135,1,united_states,27,Hope Hart,aavail_premium,20
136,1,united_states,21,Randy Trevino,aavail_unlimited,19
137,0,singapore,18,Lee Luna,aavail_premium,16
138,1,united_states,19,Ariadne Villanueva,aavail_basic,22
139,1,united_states,25,Cairo Washington,aavail_premium,17
140,1,singapore,23,Mira Frazier,aavail_basic,19
141,0,singapore,23,Rosa Franklin,aavail_premium,15
142,1,united_states,26,Ismael Carrillo,aavail_unlimited,20
143,0,united_states,47,Jaxx Noble,aavail_basic,20
144,1,united_states,20,London Miller,aavail_unlimited,24
145,1,united_states,25,Oakley Bailey,aavail_premium,19
146,1,united_states,19,Kyng Jefferson,aavail_basic,17
147,1,united_states,28,Eliana Romero,aavail_premium,20
148,0,united_states,24,Caiden Conner,aavail_basic,26
149,0,united_states,19,Cristian Graham,aavail_unlimited,17
150,0,singapore,49,Wade Johnson,aavail_unlimited,19
151,1,singapore,15,Aubrie Patel,aavail_basic,13
152,1,united_states,24,Kamdyn Vargas,aavail_basic,22
153,1,united_states,21,Roberto Everett,aavail_basic,19
154,1,united_states,39,Eduardo Gould,aavail_basic,7
155,1,singapore,22,Kailyn Mullen,aavail_basic,18
156,1,united_states,24,Dillon Hodge,aavail_basic,22
157,0,united_states,25,Arianna Mullins,aavail_basic,23
158,1,united_states,26,Vanessa Blackburn,aavail_premium,25
159,0,united_states,18,August Skinner,aavail_premium,23
160,0,singapore,26,Willa Lim,aavail_premium,7
161,1,united_states,19,Rogelio Richardson,aavail_basic,21
162,1,united_states,15,Delilah Oneal,aavail_basic,17
163,1,united_states,17,Savannah Peck,aavail_basic,17
164,1,united_states,23,Alejandro Reynolds,aavail_premium,20
165,1,united_states,-45,Maxwell Solomon,aavail_premium,17
166,1,united_states,19,Karina Glass,aavail_basic,17
167,1,united_states,21,Tommy Berg,aavail_premium,19
168,0,united_states,22,Adrien Morrison,aavail_basic,19
169,1,united_states,21,Julian Cortez,aavail_premium,17
170,1,singapore,28,Levi Ellison,aavail_basic,18
171,1,singapore,21,Abby Mcdowell,aavail_unlimited,10
172,1,united_states,17,Axel Clayton,aavail_premium,16
173,1,united_states,21,Miller Leonard,aavail_premium,5
174,0,singapore,15,Gus Merritt,aavail_premium,15
175,1,singapore,19,Brooke Paul,aavail_basic,9
176,1,united_states,18,Sebastian Calhoun,aavail_basic,21
177,1,united_states,21,Clementine Nelson,aavail_unlimited,22
178,1,united_states,42,Kye Blevins,aavail_basic,20
179,0,united_states,21,Katherine Chandler,aavail_basic,18
180,1,united_states,32,Dane Kennedy,aavail_premium,20
181,0,singapore,40,Donovan Kent,aavail_premium,18
182,1,united_states,36,Garrett Beasley,aavail_unlimited,18
183,0,united_states,25,Aileen Mcintosh,aavail_basic,17
184,1,united_states,26,Legacy Anthony,aavail_premium,6
185,1,singapore,42,Walker Jacobson,aavail_basic,20
186,1,united_states,19,Valery Schultz,aavail_premium,22
187,1,united_states,27,Vivian Gallagher,aavail_unlimited,18
188,1,united_states,39,Archer Gilmore,aavail_premium,25
189,1,united_states,34,Jaxton Woodward,aavail_premium,22
190,0,singapore,20,Jett Floyd,aavail_premium,15
191,1,united_states,22,Leland Stein,aavail_unlimited,15
192,1,united_states,24,Khloe Wade,aavail_unlimited,25
193,1,singapore,34,Charlotte Patton,aavail_premium,17
194,1,united_states,-48,Sabrina Morales,aavail_unlimited,20
195,0,singapore,28,Wells Arias,aavail_unlimited,18
196,1,united_states,20,Prince Hurley,aavail_premium,20
197,0,singapore,42,Marie Cain,aavail_basic,18
198,0,united_states,17,Ariah Davenport,aavail_premium,19
199,1,united_states,25,Jewel Delacruz,aavail_basic,14
200,1,united_states,30,Ezra Herman,aavail_unlimited,19
201,1,united_states,18,Tinley Bush,aavail_premium,19
202,1,singapore,20,Malcolm Reed,aavail_basic,8
203,1,united_states,19,Byron Gilbert,aavail_basic,21
204,1,united_states,21,Simone Wheeler,aavail_basic,8
205,1,united_states,42,Alia Bruce,aavail_premium,19
206,0,singapore,18,Lian Conrad,aavail_premium,13
207,1,united_states,39,Augustine Gillespie,aavail_premium,18
208,1,united_states,23,Peyton Beck,aavail_basic,18
209,1,united_states,22,Omar Valencia,aavail_unlimited,16
210,1,united_states,20,Micah Freeman,aavail_basic,20
211,1,united_states,24,Gunner Marin,aavail_basic,25
212,1,singapore,22,Annabel Yu,aavail_unlimited,12
213,1,united_states,15,Elisa Holloway,aavail_basic,19
214,1,singapore,25,Quinton Dixon,aavail_basic,12
215,1,united_states,22,Henley Bond,aavail_basic,25
216,0,singapore,40,Braden Rowe,aavail_unlimited,15
217,0,singapore,25,Graham Knox,aavail_unlimited,17
218,1,united_states,45,Malia Quintero,aavail_unlimited,23
219,1,united_states,21,Celine Hines,aavail_basic,22
220,0,singapore,20,Wren Whitehead,aavail_unlimited,18
221,1,united_states,21,Avalynn Higgins,aavail_premium,21
222,0,united_states,23,Colin Erickson,aavail_basic,24
223,1,united_states,20,Jamari Gomez,aavail_unlimited,25
224,1,united_states,47,Misael Riley,aavail_basic,13
225,1,united_states,35,Merrick Soto,aavail_basic,17
226,1,singapore,20,Ryland Vincent,aavail_unlimited,13
227,0,singapore,21,Maia Buchanan,aavail_unlimited,8
228,1,united_states,39,Noe Whitney,aavail_premium,16
229,1,united_states,18,Dakota Mclean,aavail_premium,21
230,1,united_states,37,Della Michael,aavail_premium,18
231,0,united_states,44,Kaylin Tucker,aavail_unlimited,21
232,1,singapore,38,Xander Bryan,aavail_unlimited,14
233,0,singapore,20,Desmond Fox,aavail_unlimited,20
234,1,united_states,22,Greyson Mcclain,aavail_basic,17
235,1,united_states,26,Dash Lam,aavail_basic,16
236,1,united_states,23,Brooklynn Watts,aavail_basic,16
237,1,singapore,40,Alexander Charles,aavail_basic,22
238,1,united_states,22,Jeremy Donaldson,aavail_premium,22
239,1,united_states,20,Emory Saunders,aavail_basic,18
240,1,united_states,37,Maurice Jarvis,aavail_premium,16
241,0,united_states,38,Mariam Stephenson,aavail_unlimited,25
242,0,united_states,50,Isabel Rodriguez,aavail_premium,21
243,0,singapore,-47,Zainab Hood,aavail_premium,9
244,1,united_states,25,Camden Fitzpatrick,aavail_basic,13
245,1,united_states,23,Joe Young,aavail_basic,16
246,1,united_states,41,Ariyah Castaneda,aavail_basic,20
247,1,singapore,19,Harold Dodson,aavail_basic,14
248,0,singapore,25,Saoirse Kirk,aavail_unlimited,10
249,1,united_states,23,Kaliyah Haynes,aavail_basic,16
250,0,united_states,20,Giselle Mahoney,aavail_premium,22
251,0,singapore,39,Landry Obrien,aavail_premium,9
252,0,singapore,22,Vivaan Chan,aavail_basic,9
253,1,united_states,20,Treasure Hawkins,aavail_basic,15
254,1,united_states,30,Valentin Lin,aavail_basic,19
255,1,united_states,23,Andre Randall,aavail_basic,19
256,0,singapore,23,Hayes Armstrong,aavail_premium,18
257,1,united_states,23,Hadley Booth,aavail_premium,16
258,1,united_states,30,Kalani Thomas,aavail_unlimited,21
259,0,singapore,26,Mateo Dalton,aavail_premium,6
260,0,singapore,21,Dominik Maddox,aavail_basic,13
261,1,united_states,20,Luna Parsons,aavail_unlimited,21
262,1,united_states,25,Liana Schmidt,aavail_unlimited,23
263,0,singapore,21,Mason Swanson,aavail_unlimited,14
264,1,united_states,34,Luis Cano,aavail_premium,25
265,0,united_states,19,Linda Lloyd,aavail_unlimited,21
266,1,united_states,39,Jamie Stephens,aavail_basic,14
267,0,singapore,18,Delaney Sexton,aavail_premium,9
268,1,united_states,27,Keily Hobbs,aavail_basic,21
269,1,united_states,22,Hudson Ortega,aavail_premium,21
270,1,united_states,35,Taylor Nguyen,aavail_premium,24
271,1,united_states,19,Chanel Salazar,aavail_basic,19
272,1,united_states,20,Michelle Gallegos,aavail_unlimited,22
273,1,united_states,23,Bonnie Duncan,aavail_unlimited,8
274,1,united_states,21,Laurel James,aavail_unlimited,23
275,1,united_states,17,Dariel Esquivel,aavail_premium,15
276,1,united_states,23,Tony Munoz,aavail_premium,18
277,1,united_states,25,Kallie Valentine,aavail_basic,18
278,1,united_states,25,Avah Leblanc,aavail_basic,17
279,0,united_states,20,Remington Figueroa,aavail_premium,22
280,1,united_states,35,Zaniyah Maldonado,aavail_unlimited,14
281,1,united_states,49,Arlette Garner,aavail_unlimited,19
282,1,united_states,39,Mohamed Fields,aavail_premium,18
283,0,united_states,25,Kash Dominguez,aavail_unlimited,21
284,0,singapore,23,Jace Rasmussen,aavail_unlimited,22
285,1,united_states,26,Derrick Curtis,aavail_premium,20
286,1,united_states,23,Tucker Juarez,aavail_premium,19
287,1,united_states,17,Jayceon Horton,aavail_basic,22
288,1,united_states,26,Jon Rowland,aavail_unlimited,23
289,1,united_states,22,Jesse Brown,aavail_premium,21
290,1,united_states,23,Curtis Little,aavail_basic,23
291,1,united_states,40,Jaiden White,aavail_premium,12
292,0,united_states,17,Aden Duffy,aavail_unlimited,5
293,1,united_states,23,Eve Nichols,aavail_basic,17
294,1,united_states,24,Justin Stafford,aavail_basic,22
295,1,united_states,28,Bishop Weber,aavail_unlimited,19
296,1,united_states,26,Jeffrey Phan,aavail_unlimited,20
297,1,united_states,35,Caroline Brock,aavail_basic,6
298,0,singapore,46,Ariel Espinoza,aavail_unlimited,27
299,1,united_states,24,Jolie Guerra,aavail_premium,20
300,1,united_states,38,Israel Perry,aavail_premium,22
301,0,singapore,36,Jamie Fisher,aavail_basic,18
302,0,singapore,30,Joziah Spears,aavail_basic,16
303,1,united_states,39,Bowie Stevenson,aavail_unlimited,21
304,0,singapore,17,Leila Quintana,aavail_unlimited,12
305,0,singapore,21,Maleah Keller,aavail_basic,20
306,1,united_states,20,Alma Robbins,aavail_premium,23
307,1,united_states,22,Kalel Daniel,aavail_premium,17
308,1,united_states,37,Otto Underwood,aavail_basic,22
309,1,united_states,17,Taliyah Garrett,aavail_basic,13
310,0,united_states,50,Luca Tran,aavail_premium,13
311,1,singapore,-50,Marcel Medina,aavail_basic,10
312,0,singapore,32,Nova Flores,aavail_basic,9
313,0,united_states,33,John Crosby,aavail_basic,20
314,0,singapore,20,Reign Montes,aavail_unlimited,1
315,1,united_states,19,Rosie Kramer,aavail_basic,23
316,0,singapore,20,Kamryn Maynard,aavail_premium,22
317,1,united_states,19,Alaric Levy,aavail_premium,15
318,1,singapore,22,Ruben Camacho,aavail_premium,8
319,0,united_states,22,Landon Ramos,aavail_unlimited,19
320,0,united_states,37,Jonah Moran,aavail_basic,22
321,1,united_states,15,Alex Massey,aavail_basic,21
322,1,singapore,15,Amy Schneider,aavail_unlimited,11
323,1,united_states,21,Rory York,aavail_premium,9
324,1,united_states,21,Benjamin Lawson,aavail_premium,4
325,1,united_states,23,Nora Dunn,aavail_premium,12
326,1,united_states,34,Arielle Gross,aavail_premium,12
327,1,united_states,19,Finn Delgado,aavail_basic,21
328,0,united_states,40,Jillian Rios,aavail_unlimited,9
329,1,united_states,22,Vincenzo Mckinney,aavail_premium,19
330,1,united_states,37,Dax Ryan,aavail_unlimited,20
331,1,united_states,21,Keanu Sullivan,aavail_basic,21
332,1,united_states,20,Emilee Green,aavail_premium,20
333,1,united_states,25,Caden Vazquez,aavail_basic,23
334,1,united_states,42,Esteban Navarro,aavail_unlimited,21
335,0,united_states,23,Titus Harvey,aavail_basic,17
336,0,singapore,24,Rhys Schwartz,aavail_basic,18
337,1,singapore,46,Helen Moss,aavail_basic,14
338,1,united_states,34,Talia Edwards,aavail_premium,12
339,1,singapore,22,Dawson Orr,aavail_basic,18
340,0,singapore,45,Yosef Bentley,aavail_unlimited,10
341,1,singapore,27,Cesar Barnett,aavail_basic,18
342,1,singapore,24,Atlas Trejo,aavail_basic,22
343,1,united_states,21,Roger Reese,aavail_premium,19
344,0,united_states,36,Frank Warren,aavail_unlimited,17
345,0,united_states,-48,Edwin Frederick,aavail_basic,21
346,1,united_states,23,Ana Pacheco,aavail_basic,19
347,0,singapore,17,Noemi Bradford,aavail_premium,16
348,1,united_states,21,Duke Giles,aavail_unlimited,21
349,1,united_states,50,Kaiser Santos,aavail_basic,22
350,1,united_states,38,Carly Norris,aavail_basic,18
351,1,united_states,23,Cedric Flowers,aavail_basic,21
352,0,united_states,33,Emilia Odonnell,aavail_unlimited,14
353,1,united_states,33,Iliana Clements,aavail_basic,26
354,1,united_states,22,Albert Lowery,aavail_unlimited,22
355,1,united_states,21,Casen Mccarty,aavail_unlimited,22
356,1,united_states,18,Emmalyn Moses,aavail_premium,25
357,1,united_states,20,Miguel Lu,aavail_unlimited,19
358,0,singapore,22,Jude Mcbride,aavail_basic,11
359,1,united_states,19,Irene Durham,aavail_premium,20
360,1,united_states,44,Markus Mcguire,aavail_basic,18
361,1,united_states,27,Fernando Serrano,aavail_unlimited,12
362,1,united_states,14,Rowan Moyer,aavail_unlimited,17
363,1,united_states,21,Isaiah Herrera,aavail_premium,22
364,1,united_states,22,Trace King,aavail_basic,21
365,0,united_states,24,Angel Hurst,aavail_unlimited,17
366,0,singapore,19,Enrique Palacios,aavail_premium,13
367,0,singapore,24,Lennox Dudley,aavail_unlimited,10
368,1,united_states,17,Louisa Lester,aavail_unlimited,25
369,1,united_states,20,Bryson Mayo,aavail_basic,17
370,1,singapore,24,Charles Tanner,aavail_unlimited,15
371,1,singapore,39,Camilo Monroe,aavail_premium,14
372,0,united_states,25,Mohammed Farley,aavail_basic,23
373,1,united_states,18,Tristian Hail,aavail_basic,15
374,1,united_states,46,Aliya Hardin,aavail_unlimited,9
375,0,united_states,30,Daniel Dickson,aavail_premium,22
376,1,united_states,19,Julius Leacock,aavail_basic,20
377,1,united_states,-48,Zariyah Velazquez,aavail_premium,19
378,1,united_states,18,Lorenzo Magana,aavail_premium,22
379,0,united_states,23,Mya Humphrey,aavail_premium,17
380,1,united_states,35,Arthur Dyer,aavail_basic,17
381,1,united_states,32,Arian Cobb,aavail_unlimited,18
382,1,united_states,41,Elizabeth Baxter,aavail_basic,13
383,1,united_states,21,Gabriella Stanton,aavail_basic,20
384,1,united_states,20,Dayana Petersen,aavail_premium,24
385,0,singapore,24,Vienna Hoover,aavail_unlimited,11
386,1,united_states,17,Egypt Carr,aavail_premium,20
387,1,united_states,16,Keith Burgess,aavail_basic,19
388,1,united_states,20,Jaxtyn Galindo,aavail_unlimited,18
389,1,united_states,46,Jada Scott,aavail_premium,15
390,1,singapore,24,Kaiya Hutchinson,aavail_unlimited,13
391,1,singapore,20,Kaylee Acevedo,aavail_basic,11
392,1,united_states,27,Bryce Morrow,aavail_premium,20
393,1,united_states,26,Gatlin Mack,aavail_premium,3
394,0,singapore,22,Selena Shaffer,aavail_unlimited,10
395,0,singapore,23,Caleb Fleming,aavail_basic,21
396,1,united_states,22,Liliana Morse,aavail_premium,17
397,1,singapore,22,Eleanor Huffman,aavail_basic,15
398,0,singapore,34,Emanuel Oneill,aavail_unlimited,13
399,1,united_states,39,Arabella Hampton,aavail_unlimited,18
400,1,united_states,21,Siena Watson,aavail_premium,21
401,1,singapore,20,Brodie Hill,aavail_premium,16
402,1,united_states,48,Joanna Rivers,aavail_basic,22
403,1,united_states,29,Ben Sanders,aavail_unlimited,21
404,1,singapore,19,Ember Mcdaniel,aavail_premium,10
405,1,united_states,40,Eugene Koch,aavail_unlimited,25
406,1,singapore,14,Greta Greer,aavail_unlimited,22
407,1,united_states,37,Camdyn Pugh,aavail_premium,19
408,0,united_states,41,Gary Gibbs,aavail_unlimited,14
409,0,united_states,25,Lilian Larson,aavail_premium,25
410,1,united_states,44,Gunnar Powers,aavail_unlimited,12
411,0,united_states,22,Brecken Alfaro,aavail_premium,22
412,1,singapore,40,Carolyn Fowler,aavail_premium,21
413,0,singapore,21,Nadia Coleman,aavail_basic,18
414,1,united_states,33,Ahmad Dougherty,aavail_unlimited,21
415,1,united_states,23,Alianna Schaefer,aavail_premium,23
416,1,united_states,20,Jacoby Cherry,aavail_unlimited,16
417,1,united_states,18,Jensen Meadows,aavail_basic,13
418,1,united_states,37,Remington Rojas,aavail_basic,18
419,1,united_states,49,Rebekah Graves,aavail_basic,22
420,1,united_states,41,Jazmine Zhang,aavail_premium,17
421,1,united_states,44,Sarah Mcmillan,aavail_basic,20
422,0,singapore,20,Leia Macias,aavail_premium,6
423,1,singapore,25,Erick Kane,aavail_basic,20
424,0,singapore,18,Jamal Wolfe,aavail_premium,15
425,0,singapore,14,Myles Barr,aavail_basic,16
426,1,united_states,20,Dangelo Douglas,aavail_premium,20
427,1,singapore,24,Case Stout,aavail_basic,19
428,1,united_states,16,Melissa Cameron,aavail_basic,24
429,0,singapore,17,Nathan Ruiz,aavail_basic,22
430,0,singapore,22,Cameron Becker,aavail_unlimited,6
431,1,united_states,30,Houston Benton,aavail_unlimited,8
432,1,united_states,42,Kiana Craig,aavail_unlimited,14
433,0,singapore,44,Alison Cline,aavail_basic,17
434,1,united_states,37,Cullen Daniels,aavail_unlimited,19
435,1,united_states,18,Lawrence Buck,aavail_unlimited,20
436,0,united_states,17,Jaylene Barry,aavail_unlimited,25
437,0,singapore,34,Cassius Finley,aavail_basic,19
438,0,singapore,22,Milena Melendez,aavail_unlimited,28
439,1,united_states,26,Maggie Glenn,aavail_premium,19
440,1,singapore,19,Nolan Salas,aavail_premium,21
441,1,singapore,17,Ricardo Howell,aavail_unlimited,22
442,1,united_states,22,Judith Hunt,aavail_basic,19
443,1,united_states,23,Alvin Cooper,aavail_basic,18
444,1,united_states,27,Adrian Roth,aavail_premium,16
445,1,united_states,23,Adeline Mcfarland,aavail_basic,22
446,1,united_states,24,Iris Hernandez,aavail_basic,20
447,1,united_states,45,Kimber Roberts,aavail_unlimited,20
448,1,singapore,20,Raina Ayala,aavail_basic,13
449,1,united_states,28,Moshe Mccormick,aavail_unlimited,22
450,1,united_states,47,Kase Watkins,aavail_premium,15
451,1,singapore,20,Helena Garrison,aavail_basic,19
452,1,united_states,20,Ace Crane,aavail_unlimited,23
453,0,singapore,26,George Butler,aavail_unlimited,12
454,0,singapore,18,Mallory Wilcox,aavail_basic,7
455,1,united_states,16,Nehemiah Bravo,aavail_premium,14
456,0,united_states,35,Tadeo Davis,aavail_basic,12
457,1,united_states,22,Kellen Castillo,aavail_premium,18
458,1,united_states,22,Kevin Garcia,aavail_premium,11
459,1,singapore,20,Noah Vaughan,aavail_basic,10
460,1,united_states,24,Damien Berry,aavail_unlimited,19
461,1,singapore,18,Nixon Perkins,aavail_basic,8
462,1,united_states,21,Malaya Tang,aavail_premium,24
463,1,united_states,20,Raelyn Acosta,aavail_basic,17
464,1,united_states,18,Asa Pierce,aavail_unlimited,18
465,1,united_states,22,Amanda Cox,aavail_unlimited,8
466,1,united_states,25,Ridge Christian,aavail_premium,22
467,0,singapore,37,Kylo Kaur,aavail_basic,22
468,0,singapore,28,Kayla Bennett,aavail_unlimited,11
469,1,united_states,24,Atticus Morris,aavail_basic,18
470,1,united_states,14,Catalina Arroyo,aavail_premium,13
471,1,united_states,39,Kamari Waller,aavail_premium,19
472,1,singapore,22,Nancy Webster,aavail_basic,19
473,0,united_states,21,Ali Rivera,aavail_unlimited,20
474,1,singapore,49,Alondra Middleton,aavail_basic,11
475,0,singapore,43,Braylen Compton,aavail_unlimited,13
476,1,united_states,25,Evelynn Stewart,aavail_premium,22
477,1,united_states,22,Emmitt Hoffman,aavail_unlimited,17
478,1,singapore,31,Bobby Anderson,aavail_basic,12
479,1,united_states,39,Ivanna Owen,aavail_unlimited,23
480,1,singapore,39,Maddux Liu,aavail_unlimited,18
481,0,singapore,26,Regina Quinn,aavail_unlimited,8
482,1,united_states,23,Raquel Walls,aavail_premium,21
483,1,united_states,26,Kendall Gordon,aavail_premium,11
484,0,singapore,33,Sierra Whitaker,aavail_premium,4
485,1,singapore,21,Angelo Santiago,aavail_basic,15
486,1,singapore,21,Averie Delarosa,aavail_premium,17
487,1,united_states,38,Bentley Terry,aavail_unlimited,16
488,0,singapore,23,Henrik Pearson,aavail_unlimited,15
489,0,singapore,38,Pearl Wood,aavail_unlimited,5
490,0,singapore,20,Kelsey Jones,aavail_premium,13
491,0,singapore,20,Terrell Burch,aavail_basic,19
492,1,united_states,19,Alaina Hull,aavail_premium,21
493,1,singapore,37,Maverick Wang,aavail_premium,7
494,0,singapore,19,Quincy Nunez,aavail_premium,13
495,0,united_states,24,Oscar Black,aavail_premium,26
496,1,united_states,37,Achilles Lang,aavail_basic,21
497,1,united_states,16,Deacon Porter,aavail_unlimited,21
498,1,singapore,17,Romeo Campbell,aavail_basic,16
499,1,united_states,27,Eloise Hendricks,aavail_premium,27
500,1,united_states,20,Hayley Harrell,aavail_unlimited,19
501,1,united_states,22,Madelynn Conley,aavail_premium,19
502,1,united_states,18,Nelson Avalos,aavail_basic,20
503,0,singapore,21,Silas Bass,aavail_basic,11
504,1,singapore,19,Amora Phillips,aavail_basic,19
505,1,singapore,16,Alejandra Wilkins,aavail_basic,10
506,1,singapore,26,Genesis Yoder,aavail_basic,20
507,0,singapore,26,Skylar Rosario,aavail_basic,15
508,1,united_states,21,Ariana Waters,aavail_basic,17
509,0,united_states,25,Amaia Zavala,aavail_unlimited,23
510,1,united_states,27,Josephine Bartlett,aavail_basic,16
511,1,united_states,24,Maddison Cohen,aavail_premium,18
512,1,united_states,48,Kade Norman,aavail_premium,20
513,1,united_states,22,Claire Brandt,aavail_basic,24
514,1,united_states,38,Hadassah Barker,aavail_basic,19
515,1,singapore,39,Andres Barrera,aavail_basic,16
516,1,united_states,23,Abdiel Wu,aavail_basic,20
517,0,singapore,23,Cyrus Case,aavail_premium,18
518,0,singapore,21,Amia Gregory,aavail_basic,19
519,1,united_states,39,Harlee Davidson,aavail_basic,17
520,1,united_states,20,Leandro Ibarra,aavail_basic,18
521,1,united_states,23,Fabian Fuentes,aavail_premium,16
522,1,united_states,21,Brayden Oconnell,aavail_unlimited,16
523,1,singapore,37,Zara Sanchez,aavail_basic,20
524,1,united_states,40,Malaysia Callahan,aavail_premium,4
525,1,united_states,20,Cameron Hale,aavail_unlimited,18
526,1,singapore,22,Thaddeus Spencer,aavail_basic,19
527,1,united_states,25,Jayce Logan,aavail_basic,17
528,0,singapore,19,Gabriel Hughes,aavail_premium,5
529,1,united_states,40,Jericho Mata,aavail_unlimited,21
530,0,singapore,23,Virginia Peralta,aavail_unlimited,21
531,1,united_states,23,Oakley Mcdonald,aavail_premium,19
532,1,united_states,23,Jimena Wilkinson,aavail_premium,19
533,1,singapore,39,Ella Daugherty,aavail_basic,17
534,1,united_states,35,Jason Salinas,aavail_premium,21
535,1,united_states,19,Ryann Briggs,aavail_basic,20
536,1,united_states,38,Heidi Andrade,aavail_unlimited,17
537,1,united_states,16,Queen Farrell,aavail_unlimited,17
538,1,united_states,24,Hendrix Wyatt,aavail_basic,24
539,0,singapore,23,Emory Schmitt,aavail_unlimited,8
540,1,united_states,24,Ryan Ward,aavail_basic,22
541,1,united_states,19,Sarai Parrish,aavail_basic,15
542,1,united_states,45,Whitley Ware,aavail_premium,17
543,0,singapore,24,Jameson Matthews,aavail_unlimited,14
544,0,united_states,25,Mariana Shields,aavail_premium,18
545,0,united_states,22,Kara Jaramillo,aavail_basic,18
546,1,united_states,23,Knox Payne,aavail_unlimited,22
547,1,united_states,38,Cayden Pitts,aavail_basic,20
548,1,united_states,22,Alyssa Costa,aavail_basic,20
549,0,singapore,19,Solomon Murillo,aavail_unlimited,16
550,0,united_states,40,Miah Sawyer,aavail_basic,21
551,0,united_states,24,Josue Casey,aavail_unlimited,9
552,0,singapore,27,Kadence Johnston,aavail_basic,17
553,1,united_states,22,Harrison Byrd,aavail_basic,20
554,0,united_states,17,Alec Kerr,aavail_premium,24
555,1,united_states,41,Rose Potter,aavail_unlimited,19
556,1,united_states,42,Kaleb Newman,aavail_unlimited,20
557,1,united_states,20,Phoenix Medrano,aavail_premium,22
558,0,united_states,42,Terry Vu,aavail_basic,13
559,1,singapore,17,Luella Thornton,aavail_basic,16
560,1,united_states,26,Jaylee Mercado,aavail_unlimited,14
561,0,united_states,24,Sara Singleton,aavail_unlimited,22
562,1,united_states,19,Kylan Savage,aavail_unlimited,22
563,0,united_states,18,Watson Moody,aavail_basic,21
564,1,united_states,19,Anson Diaz,aavail_unlimited,21
565,1,united_states,38,Bo Allen,aavail_unlimited,21
566,1,united_states,19,Cain Glover,aavail_basic,19
567,1,united_states,21,Koda Chang,aavail_basic,20
568,1,united_states,22,Zayn Aguilar,aavail_basic,22
569,0,united_states,26,Nathalie Horn,aavail_premium,13
570,1,united_states,19,Aron Sosa,aavail_basic,14
571,0,united_states,17,Santino Haley,aavail_premium,20
572,0,united_states,35,Genevieve Bullock,aavail_unlimited,23
573,1,singapore,18,Chris Pennington,aavail_unlimited,17
574,0,singapore,21,Khaleesi Crawford,aavail_premium,15
575,1,united_states,19,Scarlette Hamilton,aavail_basic,22
576,1,united_states,21,Mae Willis,aavail_basic,19
577,0,singapore,21,James Prince,aavail_unlimited,16
578,0,united_states,32,Milani Mann,aavail_unlimited,17
579,1,united_states,25,Elias Dennis,aavail_premium,15
580,0,singapore,19,Avery Holmes,aavail_unlimited,12
581,1,singapore,20,Guillermo Pratt,aavail_basic,20
582,1,united_states,23,Tatiana Abbott,aavail_unlimited,15
583,1,united_states,19,Mathias Mills,aavail_premium,21
584,1,united_states,45,Liam Taylor,aavail_unlimited,4
585,1,united_states,23,Lea Weeks,aavail_premium,15
586,1,united_states,44,Trey Cervantes,aavail_basic,14
587,1,united_states,22,Jeremias Castro,aavail_unlimited,21
588,1,united_states,43,Matias Velasquez,aavail_basic,24
589,1,united_states,21,Milan Raymond,aavail_unlimited,22
590,1,united_states,19,Zachariah Zuniga,aavail_basic,22
591,1,united_states,26,Yahir Harding,aavail_basic,21
592,1,united_states,45,Aubrey Meyers,aavail_premium,8
593,1,united_states,29,Kairo Golden,aavail_basic,18
594,1,united_states,22,Martin Baker,aavail_basic,23
595,0,singapore,18,Dream Esparza,aavail_premium,21
596,1,united_states,39,Maximus Turner,aavail_unlimited,18
597,1,united_states,22,Hazel Alexander,aavail_premium,21
598,1,united_states,36,Leroy Carter,aavail_unlimited,25
599,1,united_states,25,Joaquin Keith,aavail_premium,19
600,1,singapore,19,Walter French,aavail_unlimited,11
601,1,singapore,22,Wilson Henson,aavail_basic,18
602,1,united_states,33,Juan Mckee,aavail_unlimited,10
603,0,singapore,22,Shiloh Carlson,aavail_unlimited,10
604,1,united_states,33,Jefferson Roy,aavail_premium,25
605,1,united_states,25,Briar Vaughn,aavail_basic,14
606,1,united_states,24,King Gaines,aavail_basic,20
607,1,united_states,24,Kolton Harmon,aavail_premium,20
608,1,united_states,20,Amos Dorsey,aavail_basic,21
609,1,united_states,46,Sam Bridges,aavail_unlimited,18
610,0,singapore,36,Ayla Henry,aavail_unlimited,7
611,1,united_states,46,Konnor Chambers,aavail_unlimited,19
612,1,united_states,39,Estella Ramirez,aavail_basic,23
613,1,united_states,23,June Williams,aavail_basic,22
614,1,united_states,19,Juelz Wong,aavail_premium,20
615,1,singapore,35,Nova Montgomery,aavail_basic,9
616,0,singapore,25,Amani Felix,aavail_unlimited,23
617,1,united_states,32,Moises Wagner,aavail_basic,21
618,0,singapore,36,Joshua Woodard,aavail_premium,22
619,0,united_states,24,Alice Montoya,aavail_premium,21
620,1,united_states,49,Evie Mason,aavail_basic,20
621,1,united_states,23,Isaac Buckley,aavail_basic,19
622,1,singapore,20,Hayden Shannon,aavail_basic,13
623,1,united_states,20,Callen Villegas,aavail_unlimited,9
624,1,united_states,27,Zakai Jimenez,aavail_unlimited,20
625,0,singapore,20,Karter Simon,aavail_unlimited,13
626,1,singapore,25,Charlie Elliott,aavail_basic,16
627,1,united_states,32,Francis Cuevas,aavail_unlimited,16
628,1,united_states,-48,Ruby Fischer,aavail_unlimited,25
629,1,united_states,22,Jesiah Chapman,aavail_unlimited,24
630,1,united_states,20,Davis Pena,aavail_unlimited,19
631,0,singapore,35,Yareli Person,aavail_basic,14
632,0,singapore,17,Holly Sloan,aavail_basic,8
633,0,singapore,22,Killian Hahn,aavail_unlimited,18
634,1,singapore,22,Reign Pineda,aavail_unlimited,16
635,1,united_states,27,Phillip Zamora,aavail_unlimited,25
636,0,singapore,19,Jadiel Lucero,aavail_unlimited,18
637,1,united_states,43,Holden Osborne,aavail_basic,10
638,0,united_states,28,Frederick Andersen,aavail_basic,22
639,1,united_states,22,Fisher Padilla,aavail_unlimited,23
640,0,singapore,22,Johan Beard,aavail_unlimited,14
641,1,singapore,20,Boone Larsen,aavail_unlimited,11
642,1,singapore,22,Payton Coffey,aavail_premium,24
643,0,singapore,39,Azariah Mathews,aavail_premium,11
644,1,united_states,38,Diego Mueller,aavail_unlimited,20
645,0,singapore,23,Brycen Hogan,aavail_unlimited,12
646,0,singapore,32,Jaycee Powell,aavail_basic,22
647,1,singapore,38,Karson Johns,aavail_unlimited,12
648,0,united_states,33,Addisyn George,aavail_premium,22
649,1,united_states,25,Aylin Wiley,aavail_unlimited,18
650,0,singapore,19,Patrick Robertson,aavail_basic,8
651,1,united_states,25,Terrence House,aavail_premium,19
652,0,singapore,22,Ivan Andrews,aavail_premium,19
653,1,united_states,23,Caspian Beltran,aavail_premium,18
654,1,united_states,20,Estrella Aguirre,aavail_premium,21
655,1,united_states,30,Alessandro Calderon,aavail_premium,19
656,1,united_states,41,Stanley Morton,aavail_premium,16
657,0,united_states,35,Alberto Combs,aavail_premium,20
658,1,singapore,18,Shepherd Kelley,aavail_premium,17
659,1,singapore,21,Molly Rose,aavail_basic,20
660,0,singapore,22,Julien Mccullough,aavail_unlimited,10
661,1,united_states,18,Owen David,aavail_premium,17
662,1,united_states,24,Rayna Huff,aavail_basic,22
663,1,united_states,25,Adalyn Roman,aavail_premium,12
664,1,united_states,20,Mario Rodgers,aavail_basic,18
665,1,united_states,50,Dustin Ford,aavail_unlimited,21
666,1,united_states,19,Larry Dunlap,aavail_unlimited,18
667,1,united_states,46,Bradley Pittman,aavail_premium,19
668,1,united_states,20,Ezra Lozano,aavail_unlimited,21
669,0,singapore,22,Franco Kirby,aavail_premium,14
670,1,united_states,20,Weston Sweeney,aavail_unlimited,16
671,1,united_states,22,Melvin Hensley,aavail_unlimited,16
672,1,united_states,22,Kyla Olson,aavail_basic,23
673,0,united_states,17,Rex Bates,aavail_premium,17
674,1,united_states,18,Sean Reeves,aavail_unlimited,18
675,1,united_states,13,Blake Mendoza,aavail_unlimited,24
676,0,singapore,24,Dana Frye,aavail_premium,14
677,1,united_states,50,Quentin Knight,aavail_basic,23
678,0,singapore,22,Grady Day,aavail_premium,12
679,1,united_states,36,Kamiyah Myers,aavail_premium,19
680,1,united_states,25,Edith Guzman,aavail_unlimited,17
681,1,united_states,41,Bailee Greene,aavail_basic,18
682,1,united_states,24,Cory Doyle,aavail_premium,20
683,1,singapore,19,Draven Summers,aavail_basic,14
684,1,united_states,21,Paisley Lamb,aavail_premium,22
685,0,singapore,38,Destiny Barajas,aavail_premium,8
686,1,united_states,23,Zaiden Meza,aavail_unlimited,21
687,1,united_states,19,Henry Richmond,aavail_unlimited,19
688,0,singapore,16,Reed Huerta,aavail_unlimited,20
689,1,united_states,40,Brynleigh Wall,aavail_premium,5
690,1,singapore,40,Imran Lopez,aavail_premium,13
691,0,singapore,26,Ulises Cannon,aavail_basic,19
692,1,singapore,25,Lennon Hodges,aavail_premium,18
693,0,singapore,21,Jaziel Estes,aavail_unlimited,16
694,1,united_states,24,Darius Peters,aavail_premium,23
695,1,united_states,40,Tobias Winters,aavail_premium,20
696,0,singapore,20,Evangeline Robinson,aavail_premium,23
697,0,singapore,19,Alexzander Novak,aavail_unlimited,8
698,0,singapore,26,Leonidas Ochoa,aavail_unlimited,10
699,1,united_states,40,Jamir Wilkerson,aavail_unlimited,20
700,1,united_states,16,Wesson Ramsey,aavail_premium,23
701,1,united_states,21,Vincent Stone,aavail_unlimited,17
702,1,united_states,22,Karter Wilson,aavail_basic,23
703,1,united_states,26,Shepard Hunter,aavail_premium,7
704,0,singapore,25,Jeffery Heath,aavail_unlimited,17
705,0,united_states,17,Aldo Hess,aavail_premium,20
706,1,united_states,22,Colette Sellers,aavail_premium,22
707,0,singapore,24,Memphis Huang,aavail_basic,20
708,1,united_states,42,Lucy Ingram,aavail_unlimited,21
709,1,united_states,43,Demetrius Martinez,aavail_basic,14
710,1,united_states,22,Mckenzie Kelly,aavail_premium,19
711,1,united_states,48,Juniper Walton,aavail_basic,19
712,1,united_states,21,Mathew Ballard,aavail_premium,12
713,1,united_states,23,Porter Thompson,aavail_unlimited,18
714,0,singapore,17,Lincoln Meyer,aavail_premium,18
715,1,united_states,20,Troy Corona,aavail_basic,19
716,0,united_states,23,Hadlee Walker,aavail_basic,21
717,0,united_states,23,Renata Fuller,aavail_premium,25
718,0,united_states,22,Etta Joseph,aavail_premium,23
719,0,singapore,21,Emmett Evans,aavail_basic,18
720,1,singapore,22,Mylah Cummings,aavail_premium,20
721,0,singapore,24,Violet Duke,aavail_basic,21
722,1,united_states,22,Samir Mclaughlin,aavail_premium,20
723,0,singapore,42,Zander Cisneros,aavail_premium,12
724,0,singapore,38,Lylah Sandoval,aavail_unlimited,16
725,1,united_states,18,Conner Stanley,aavail_basic,13
726,1,singapore,18,Leona Beil,aavail_basic,17
727,0,singapore,17,Bruce Carpenter,aavail_unlimited,17
728,1,united_states,46,Kennedi Galvan,aavail_premium,22
729,1,united_states,26,Briggs Clark,aavail_premium,20
730,1,united_states,23,Zev Cochran,aavail_basic,17
731,1,united_states,21,Lyric Boone,aavail_premium,17
732,1,united_states,20,Aiyana Carroll,aavail_basic,13
733,1,singapore,19,Kelly Goodman,aavail_basic,2
734,1,united_states,26,Augustus Walsh,aavail_unlimited,18
735,1,united_states,25,Dante Avery,aavail_premium,21
736,0,united_states,28,Ariel Ball,aavail_basic,25
737,1,united_states,36,Armando Portillo,aavail_unlimited,22
738,0,singapore,34,Marley Bernal,aavail_premium,20
739,1,united_states,20,Mark Knapp,aavail_unlimited,22
740,0,singapore,25,Layne Wolf,aavail_premium,17
741,1,united_states,21,Enoch Brady,aavail_basic,15
742,1,united_states,40,Otis Hopkins,aavail_unlimited,19
743,1,united_states,21,Bristol Strong,aavail_basic,23
744,0,singapore,27,Mustafa Kemp,aavail_unlimited,4
745,1,united_states,26,Arturo Barron,aavail_unlimited,21
746,0,singapore,22,Justice Dawson,aavail_unlimited,20
747,0,united_states,22,Lochlan Guevara,aavail_unlimited,17
748,1,united_states,23,Colson Mendez,aavail_premium,15
749,0,singapore,17,Nevaeh Warner,aavail_unlimited,18
750,1,united_states,22,Heavenly Herring,aavail_unlimited,2
751,0,united_states,20,Angel Rogers,aavail_unlimited,17
752,1,united_states,47,Ruth Pope,aavail_unlimited,18
753,1,united_states,18,Aubree Nixon,aavail_unlimited,22
754,1,united_states,39,Roman Wallace,aavail_unlimited,17
755,1,united_states,20,Alfonso Chavez,aavail_premium,24
756,0,united_states,19,Amiya Shah,aavail_basic,21
757,1,united_states,24,Lorelei Hall,aavail_premium,17
758,1,united_states,18,Anderson Yang,aavail_unlimited,16
759,0,united_states,42,Jane Mcmahon,aavail_basic,22
760,0,united_states,19,Meghan Conway,aavail_unlimited,19
761,0,singapore,23,Heath Valenzuela,aavail_unlimited,27
762,0,singapore,17,Alvaro Steele,aavail_premium,15
763,1,united_states,19,Devon Branch,aavail_basic,19
764,1,united_states,17,Celeste Holt,aavail_basic,16
765,0,singapore,41,Amari Griffith,aavail_premium,11
766,1,united_states,48,Maximiliano Singh,aavail_premium,23
767,1,united_states,25,Elliot Mccarthy,aavail_basic,19
768,0,united_states,20,Mina Jensen,aavail_basic,16
769,1,united_states,21,Spencer Yates,aavail_basic,16
770,1,united_states,25,Alani Correa,aavail_basic,23
771,1,united_states,20,River Marks,aavail_unlimited,10
772,1,united_states,20,Aaliyah Duarte,aavail_premium,22
773,1,united_states,18,Kason Chung,aavail_unlimited,17
774,1,united_states,18,Damon Boyer,aavail_basic,9
775,1,singapore,19,Opal Jacobs,aavail_premium,10
776,1,singapore,20,Talon Hayes,aavail_basic,8
777,1,united_states,20,Lawson Vo,aavail_premium,22
778,1,singapore,22,Paige Bryant,aavail_unlimited,16
779,1,united_states,28,Kehlani Ferguson,aavail_premium,22
780,0,united_states,18,Ellianna Gates,aavail_unlimited,12
781,1,united_states,23,Kassidy Macdonald,aavail_premium,23
782,1,united_states,23,Jose Harrison,aavail_unlimited,22
783,1,united_states,41,Iker Berger,aavail_basic,15
784,1,united_states,21,Cristiano Smith,aavail_basic,24
785,1,united_states,19,Rhett Leal,aavail_premium,22
786,1,singapore,21,Blake Harris,aavail_basic,21
787,1,united_states,46,Jake Banks,aavail_basic,16
788,1,united_states,39,Zaire Cook,aavail_premium,21
789,1,united_states,21,Christopher Hendrix,aavail_basic,22
790,1,united_states,33,Mercy Tapia,aavail_basic,14
791,0,singapore,36,Kenzo Pollard,aavail_unlimited,22
792,1,singapore,37,Clyde Caldwell,aavail_basic,14
793,1,united_states,23,Kamden Barton,aavail_unlimited,23
794,1,united_states,27,Aria Vasquez,aavail_premium,22
795,0,singapore,21,Sullivan Mccall,aavail_premium,14
796,1,united_states,35,Monroe Oliver,aavail_unlimited,21
797,1,united_states,20,Brianna Pham,aavail_premium,20
798,1,united_states,19,Axton Jackson,aavail_premium,15
799,1,united_states,19,Cecelia Odom,aavail_premium,20
800,1,united_states,39,Celia Brewer,aavail_unlimited,14
801,0,singapore,49,Kora Snow,aavail_unlimited,17
802,1,united_states,17,Emilio Cruz,aavail_basic,19
803,1,united_states,36,Sterling Lucas,aavail_premium,21
804,1,united_states,24,Autumn Rich,aavail_basic,22
805,1,united_states,37,Koa Villarreal,aavail_unlimited,18
806,0,singapore,14,Dylan Potts,aavail_premium,21
807,1,united_states,22,Kinley Hancock,aavail_basic,18
808,1,singapore,42,Aspen Gardner,aavail_premium,13
809,0,united_states,18,Jamison Hansen,aavail_basic,13
810,1,united_states,38,Andy Le,aavail_unlimited,25
811,1,singapore,19,Paola Cole,aavail_basic,13
812,0,singapore,18,Frankie Molina,aavail_basic,23
813,1,singapore,25,Wyatt Nielsen,aavail_basic,17
814,1,united_states,22,Daisy Olsen,aavail_unlimited,23
815,0,singapore,23,Kylee Dillon,aavail_basic,18
816,1,united_states,26,Onyx Vang,aavail_basic,20
817,0,united_states,22,Eli Duran,aavail_premium,20
818,1,united_states,17,Elliott Perez,aavail_premium,20
819,0,united_states,32,Rey Farmer,aavail_unlimited,19
820,1,united_states,40,Elian Simmons,aavail_unlimited,22
821,0,singapore,21,Ashlynn Ahmed,aavail_basic,19
822,0,singapore,38,Issac Marquez,aavail_unlimited,16
823,1,united_states,19,Ignacio Brennan,aavail_premium,17
824,1,singapore,20,Nathaniel Strickland,aavail_premium,17
825,1,united_states,45,Reece Gonzalez,aavail_basic,15
826,1,singapore,34,Kinsley Rollins,aavail_basic,20
827,1,united_states,22,Xzavier Campos,aavail_basic,23
828,1,singapore,45,Will Gentry,aavail_basic,16
829,0,united_states,21,Elyse Nicholson,aavail_unlimited,21
830,1,singapore,39,Ledger Hanna,aavail_basic,9
831,0,united_states,23,Seth Vance,aavail_unlimited,22
832,1,united_states,23,Calvin Neal,aavail_premium,14
833,1,united_states,22,Jax Jordan,aavail_unlimited,23
834,0,singapore,23,Shane Lambert,aavail_unlimited,18
835,0,singapore,20,Westin Bowers,aavail_premium,16
836,1,singapore,33,Colton Mitchell,aavail_premium,10
837,1,singapore,26,Payton Silva,aavail_basic,18
838,1,united_states,19,Malakai Booker,aavail_basic,21
839,1,united_states,26,Dakari Cantrell,aavail_basic,6
840,0,singapore,18,Zoie Cortes,aavail_premium,20
841,0,united_states,20,Mitchell Arellano,aavail_premium,20
842,0,singapore,21,Allison Villalobos,aavail_premium,3
843,1,united_states,23,Leighton Brooks,aavail_basic,8
844,1,united_states,25,Millie Mcclure,aavail_premium,19
845,1,united_states,17,Darian Ho,aavail_premium,21
846,0,united_states,32,Grayson Malone,aavail_unlimited,27
847,1,united_states,-48,Maximilian Nolan,aavail_premium,22
848,1,singapore,18,Everly Horne,aavail_basic,19
849,1,united_states,18,Callan Truong,aavail_basic,17
850,1,united_states,26,Mack Cantu,aavail_premium,21
851,0,united_states,23,Theo Russo,aavail_basic,18
852,1,united_states,19,Brittany Hardy,aavail_basic,16
853,1,united_states,21,Ronan Bowen,aavail_basic,12
854,1,united_states,26,Anika Lane,aavail_unlimited,20
855,0,united_states,21,Kayson Oconnor,aavail_unlimited,20
856,1,united_states,21,Evan Weiss,aavail_unlimited,20
857,1,united_states,39,Chad Jenkins,aavail_premium,20
858,0,singapore,45,Giovanni Richards,aavail_unlimited,15
859,0,singapore,19,Miles Friedman,aavail_unlimited,5
860,1,united_states,19,Langston Ponce,aavail_basic,16
861,0,singapore,30,Jaylah Church,aavail_unlimited,17
862,1,united_states,-44,Rene Howe,aavail_premium,23
863,1,united_states,26,Bryant English,aavail_premium,19
864,0,singapore,26,David Huynh,aavail_basic,18
865,1,united_states,19,Raul May,aavail_basic,16
866,1,united_states,25,Coleman Reyna,aavail_premium,23
867,1,singapore,20,Marcelo Wells,aavail_unlimited,15
868,1,united_states,23,Decker Lindsey,aavail_basic,20
869,1,singapore,26,Joyce Short,aavail_basic,20
870,0,united_states,22,Bria Hartman,aavail_premium,21
871,0,united_states,44,Victor Bautista,aavail_premium,22
872,1,united_states,21,Avi Martin,aavail_basic,17
873,1,united_states,24,Amaris Rice,aavail_premium,23
874,1,united_states,19,Jermaine Mckay,aavail_premium,14
875,0,singapore,25,Jack Franco,aavail_unlimited,12
876,0,united_states,38,Johnny Clarke,aavail_premium,20
877,1,united_states,22,Lainey Baldwin,aavail_basic,21
878,1,united_states,20,Emmeline Moon,aavail_unlimited,22
879,0,singapore,37,Manuel Foley,aavail_basic,15
880,1,united_states,19,Cruz Burke,aavail_premium,20
881,1,united_states,44,Rowen Owens,aavail_premium,22
882,1,united_states,17,Serenity Ali,aavail_basic,24
883,1,united_states,19,Milo Wiggins,aavail_unlimited,22
884,0,singapore,21,Hamza Frost,aavail_unlimited,13
885,1,united_states,19,Makayla Williamson,aavail_premium,23
886,0,united_states,44,Wallace Faulkner,aavail_unlimited,6
887,1,united_states,40,Alaya Patterson,aavail_premium,21
888,0,singapore,22,Alexis Price,aavail_unlimited,10
889,0,singapore,23,Quinn Murphy,aavail_unlimited,15
890,1,united_states,39,Lennox Dickerson,aavail_premium,21
891,1,united_states,43,Jasmine Sampson,aavail_unlimited,9
892,1,singapore,20,Penelope Shaw,aavail_basic,3
893,1,united_states,23,Sunny Rocha,aavail_basic,14
894,1,united_states,20,Cohen Phelps,aavail_basic,17
895,1,united_states,29,Paisleigh Bauer,aavail_unlimited,17
896,0,singapore,24,Ryder Welch,aavail_basic,19
897,1,united_states,21,Jordan Escobar,aavail_basic,18
898,1,united_states,38,Ramona Donovan,aavail_premium,21
899,1,singapore,26,Keenan Krueger,aavail_basic,19
900,1,united_states,29,Emery Blankenship,aavail_basic,20
901,1,united_states,20,Timothy Hayden,aavail_premium,20
902,0,united_states,20,Maximo Bonilla,aavail_basic,14
903,1,united_states,20,Waylon Kline,aavail_basic,20
904,1,united_states,24,Uriel Hudson,aavail_basic,18
905,1,united_states,26,Kannon Russell,aavail_unlimited,22
906,1,united_states,20,Xiomara Benjamin,aavail_basic,20
907,0,singapore,29,Samira Roach,aavail_premium,16
908,1,singapore,44,Thiago Foster,aavail_basic,18
909,0,united_states,23,Alonzo Li,aavail_premium,22
910,1,singapore,21,Maxton Tyler,aavail_basic,21
911,1,united_states,23,Yael Gill,aavail_premium,16
912,1,singapore,26,Ray Lynn,aavail_basic,20
913,0,singapore,20,Amara Boyle,aavail_premium,13
914,1,united_states,16,Orlando Gonzales,aavail_unlimited,18
915,1,united_states,24,Aries Parra,aavail_basic,19
916,1,united_states,20,Matteo Townsend,aavail_basic,14
917,0,singapore,22,Tatum Atkinson,aavail_unlimited,15
918,1,united_states,23,Nyla Burton,aavail_basic,17
919,1,united_states,23,Jenna Poole,aavail_basic,18
920,0,singapore,22,Drake Love,aavail_premium,9
921,0,singapore,19,Emmaline Frank,aavail_premium,14
922,1,united_states,35,Riley Hebert,aavail_basic,22
923,1,united_states,31,Sophia Deleon,aavail_premium,14
924,1,united_states,13,Margot Marshall,aavail_unlimited,18
925,1,united_states,24,Reginald Mejia,aavail_unlimited,18
926,1,united_states,20,Dennis Sparks,aavail_premium,23
927,1,singapore,27,Preston Page,aavail_unlimited,20
928,1,united_states,23,Marvin Sutton,aavail_unlimited,19
929,0,united_states,35,Jemma Colon,aavail_basic,25
930,1,united_states,20,Jerry Cordova,aavail_basic,19
931,1,united_states,41,Chance Good,aavail_premium,19
932,1,singapore,25,Noor Stuart,aavail_premium,9
933,1,united_states,25,Carmen Blair,aavail_unlimited,18
934,1,united_states,38,Forrest Parks,aavail_unlimited,19
935,1,united_states,20,Antonio Burnett,aavail_premium,19
936,1,united_states,26,Terrance Bernard,aavail_unlimited,17
937,0,united_states,20,Jaylen Rhodes,aavail_basic,19
938,0,singapore,22,Ashley Zimmerman,aavail_basic,20
939,1,united_states,33,Hugh Livingston,aavail_unlimited,19
940,1,united_states,24,Nickolas Mays,aavail_basic,18
941,1,united_states,29,Brock Benson,aavail_unlimited,18
942,1,united_states,40,Conrad Choi,aavail_basic,18
943,0,singapore,37,Gracelynn Fry,aavail_unlimited,24
944,1,united_states,23,Cadence Holland,aavail_premium,18
945,0,singapore,23,Jasiah Schroeder,aavail_basic,16
946,1,united_states,38,Lionel Snyder,aavail_unlimited,21
947,1,united_states,21,Nasir Morgan,aavail_unlimited,22
948,1,united_states,25,Adaline Ortiz,aavail_premium,18
949,0,united_states,22,Aubriella Mccoy,aavail_basic,22
950,0,singapore,20,Grant Preston,aavail_premium,13
951,1,united_states,19,Annie Henderson,aavail_premium,23
952,1,united_states,28,Kayleigh Lugo,aavail_premium,23
953,1,united_states,19,Travis Harrington,aavail_premium,20
954,1,united_states,39,Haley Velez,aavail_premium,20
955,1,united_states,25,Beckham Rosales,aavail_premium,24
956,1,united_states,43,Harper Collins,aavail_basic,21
957,1,singapore,19,Stetson Kim,aavail_basic,20
958,1,singapore,45,Edgar Browning,aavail_premium,12
959,1,united_states,23,Deandre Lyons,aavail_premium,17
960,1,united_states,41,Juliana Arnold,aavail_unlimited,22
961,1,united_states,23,Nicholas Mcintyre,aavail_unlimited,21
962,1,singapore,38,Jurnee Clay,aavail_premium,12
963,1,united_states,27,Thomas Allison,aavail_basic,26
964,1,united_states,40,Dakota Gray,aavail_basic,21
965,1,united_states,37,Saint Wright,aavail_basic,20
966,1,united_states,20,Clay Rush,aavail_premium,22
967,1,singapore,18,Aniyah Moreno,aavail_premium,15
968,1,united_states,29,Samson Hicks,aavail_premium,20
969,1,united_states,21,Ezequiel Drake,aavail_basic,17
970,0,singapore,47,Gordon Proctor,aavail_premium,13
971,1,united_states,26,Teagan Griffin,aavail_premium,18
972,1,united_states,19,Diana Wise,aavail_unlimited,22
973,1,united_states,44,Maryam Sheppard,aavail_basic,17
974,1,united_states,13,Simon Stokes,aavail_unlimited,17
975,0,united_states,-48,Leo Harper,aavail_basic,22
976,1,united_states,22,Thatcher Best,aavail_basic,18
977,1,united_states,24,Crew West,aavail_unlimited,20
978,0,singapore,19,Boston Stark,aavail_premium,8
979,1,singapore,24,Elisha Bishop,aavail_basic,17
980,0,united_states,19,Forest Bradshaw,aavail_premium,19
981,1,united_states,22,Carlos Mckenzie,aavail_unlimited,25
982,1,singapore,23,Cassandra Guerrero,aavail_basic,18
983,1,singapore,18,Dominic Trujillo,aavail_premium,13
984,1,singapore,-47,Westley Leon,aavail_basic,20
985,1,united_states,23,Juliette Fitzgerald,aavail_premium,22
986,1,united_states,26,Adam Burns,aavail_basic,19
987,1,united_states,23,Bianca Benitez,aavail_basic,15
988,1,united_states,20,Soren Leach,aavail_premium,17
989,1,united_states,33,Anakin Shepherd,aavail_basic,13
990,1,united_states,26,Liv Howard,aavail_basic,21
991,1,singapore,23,Mariah Rangel,aavail_basic,11
992,0,united_states,16,Mary Newton,aavail_premium,20
993,1,united_states,25,Asher Shelton,aavail_unlimited,22
994,1,united_states,38,Zahir Cabrera,aavail_unlimited,7
995,1,united_states,19,Steven Bean,aavail_basic,21
996,0,singapore,-46,Peyton Enriquez,aavail_unlimited,14
997,1,united_states,23,Amina Manning,aavail_basic,24
998,1,united_states,24,Brooks Ventura,aavail_unlimited,17
999,1,united_states,39,Nayeli Mathis,aavail_unlimited,16
1000,1,united_states,20,Cole Solis,aavail_unlimited,18
